name,kind,mode,app_version,regular_files,source_logical_bytes,encoder_input_bytes,archive_bytes,archive_ratio_percent,smaller_percent,core_compress_seconds,compression_mib_per_second,compression_peak_process_tree_rss_bytes_sampled,core_restore_seconds,restore_mib_per_second,restore_peak_process_tree_rss_bytes_sampled,exact_restore,archive_sha256,encoder_input_sha256,source_content_structure_sha256
enwik9,file,turbo,91,1,1000000000,1000000000,182914445,18.2914445,81.7085555,301.926,3.1586359452523136,1529675776,330.66,2.884153863201627,2348843008,True,10b0ce22a369bce6b883626d13bfddc42390b4474e1c85c97c0d4000473ab8a2,159b85351e5f76e60cbe32e04c677847a9ecba3adc79addab6f4c6c7aa3744bc,ebf77366761056b46e5806b596126c8749090951056bda410a365406bc7de8a9
corpus_game,folder,turbo,91,1703,224178014,227555328,166429735,73.13814027681215,26.861859723187848,75.1341,2.888351252959708,1779335168,80.824,2.6850152414505595,2054766592,True,9904dc4edcac80821b249218bc159fd946ca458afb359e556c53df4a62b65df9,26ce13679631eb8119293325ed41392ae7ed35fb12254defae78fbe3d7ec0f55,867d7666c0a5183e7b7d2db0e735161e4512e9de8e6f27f17eb7129b4fbab651
corpus_json,folder,turbo,91,2,189780478,189788160,11557116,6.089482083603108,93.9105179163969,34.9484,5.178952219557977,1908719616,39.9689,4.528423192782388,1981988864,True,64cb43fbf1769f9b12915a90ed270a6e21eff219ba67654f93e876f2127b4d0b,3154ecde8f667fcaa7c3171d83411841794dd53ad1113f762322de9197eba5d3,85677588f9d80e692aa25a6bbef0e07d23afe657b4ff0e09a423bb298a126c63
corpus_sealed,folder,turbo,91,5,45859782,45871616,42124476,91.83124483776635,8.168755162233651,7.18272,6.090531446478493,1249198080,8.10103,5.400125913772693,963100672,True,69a41e1bb61556343efe49855f056a1b26d120efa938662c1db02b0d45de5f73,1cdcf0761dabfd332ed743824960e5490027fee43cf8d6f8b1edcabdf402a194,23b306a3cbedafd225d02660626dc483d7bcc63e2ba6b29fb9affbf4b8b64d9f
corpus_code,folder,turbo,91,6282,150105991,162274304,13489866,8.313001915571304,91.6869980844287,40.0293,3.8660889882536043,1709768704,44.0719,3.511462767375584,1863417856,True,5134518652d10660de2c3da85a239169b3b201ae742f482febb88da75aee16f8,4606dec7b3793c413546a7acee066a988f3ad1da2c7b8770c0cc81264ba195b0,dc6f19f2cb272bd3d84eb2c93dbf210b2adce31e663d8551e8ee4bf05fb4508e
