name,kind,mode,app_version,regular_files,source_logical_bytes,encoder_input_bytes,archive_bytes,archive_ratio_percent,smaller_percent,core_compress_seconds,compression_mib_per_second,compression_peak_process_tree_rss_bytes_sampled,core_restore_seconds,restore_mib_per_second,restore_peak_process_tree_rss_bytes_sampled,exact_restore,archive_sha256,encoder_input_sha256,source_content_structure_sha256
enwik9,file,turbo,91,1,1000000000,1000000000,182914445,18.2914445,81.7085555,303.392,3.143373313753329,1635811328,324.116,2.9423858013990363,2317778944,True,10b0ce22a369bce6b883626d13bfddc42390b4474e1c85c97c0d4000473ab8a2,159b85351e5f76e60cbe32e04c677847a9ecba3adc79addab6f4c6c7aa3744bc,ebf77366761056b46e5806b596126c8749090951056bda410a365406bc7de8a9
corpus_hf_wikitext,folder,turbo,91,8,201406189,201426432,41912702,20.807945404106647,79.19205459589335,69.1901,2.776339604130504,1970651136,75.3653,2.5488549086084706,1884323840,True,d50f3e56d3492083ec9955f3da1588ff39a0da153134bcf60a39f6e6722d12dc,73b3921924bb4fbb8732e7310427c295b1e27cc41dbad845dcd73189f29704e5,65abbb21b58d4cbe5a8b748a1f4fa61bf26a2158ba450e5e70bdd8a9a3ef30bd
corpus_hf_gsm8k,folder,turbo,91,6,5507852,5524480,966166,17.48881342678406,82.51118657321594,3.6894,1.42802479739253,1577680896,4.04069,1.3038750034028843,1654439936,True,924ba678d49d5d9d904e34e242b8010474d9b178247c1953879a5c99b216d9a2,5c640717befc0508e265f7c12ed5a2115bc1fbc38fff93715a791800bc03eaca,00244afcfadcbdc1beac9a02314c9a90d16514c191831f2b55ea61298f6a3d16
corpus_hf_dolly,folder,turbo,91,6,14000146,14016512,2659610,18.974834823385446,81.02516517661455,7.11917,1.8776328560773234,1675231232,7.77668,1.7188810006326607,1694875648,True,50bd9bb94affd51245ceb97be3e577674674c1ea200cef4133f12fc2c5d705ed,0dc27369a733934ee4d2abf31aec3cba35a3ddfc40ea8847ced2cc323b1daae0,5df06b9600ff846b48f21650f843bf7310f54f317873219315f8dff060857bee
corpus_hf_code_cc0,folder,turbo,91,6,134294556,134310400,7991022,5.949667337748975,94.05033266225102,31.343,4.086666206369843,1916829696,36.9277,3.468625961168716,1964457984,True,4c91da608e16e57b45579e166e370e593485db3ab7b7a073e7d6726ae7a86341,b9609c24ed1fa05ed8b77927907b88f4038904ebad041ea32529c30182a305b7,f02b2ece0b4a82701b8b0ec4d354d2dc5722d72fffed11cb40823390646f260e
